Name	Color_index	R	G	B
0	7	0.96049	0.77181	0.22811
1	6	0.8141	0.91861	0.20552
2	2	0.23288	0.62923	0.99202
3	1	0.27429	0.39043	0.85393
4	9	0.86079	0.22945	0.02875
5	4	0.17377	0.94053	0.61938
6	0	0.23915	0.20833	0.54686
7	5	0.44321	0.99551	0.37345
8	11	0.4796	0.01583	0.01055
9	8	0.96904	0.43399	0.10294
10	3	0.10738	0.81381	0.83484
11	10	0.6965	0.10102	0.00522
