Name	Color_index	R	G	B
0	7	0.93301	0.81236	0.22667
1	0	0.26816	0.33825	0.7805
2	2	0.09377	0.85175	0.78264
3	10	0.79971	0.17055	0.0152
4	11	0.53295	0.03169	0.00705
5	6	0.86709	0.87968	0.21391
6	3	0.27597	0.97092	0.51653
7	5	0.62233	0.99366	0.24579
8	1	0.22676	0.63913	0.98851
9	8	0.96187	0.41093	0.0931
10	9	0.92105	0.31489	0.05475
11	4	0.35043	0.98477	0.45002
